{"cameraMode":{"drawMode":0,"name":"Shaded","section":"Shading Mode"},"sceneLighting":true,"audioPlay":false,"sceneViewState":{"showFog":true,"showMaterialUpdate":false,"showSkybox":true,"showFlares":true,"showImageEffects":true,"showParticleSystems":true},"in2DMode":false,"pivot":{"x":-6.062533378601074,"y":-2.9547839164733888,"z":-7.820256233215332},"rotation":{"x":0.05789950489997864,"y":-0.9367263913154602,"z":0.18677520751953126,"w":0.29038646817207339},"size":6.983724117279053,"orthographic":false}