{"cameraMode":{"drawMode":0,"name":"Shaded","section":"Shading Mode"},"sceneLighting":true,"audioPlay":false,"sceneViewState":{"showFog":true,"showMaterialUpdate":false,"showSkybox":true,"showFlares":true,"showImageEffects":true,"showParticleSystems":true},"in2DMode":false,"pivot":{"x":-1.850341796875,"y":1.001708984375,"z":-9.342041015625},"rotation":{"x":-0.3234204947948456,"y":0.05870406702160835,"z":-0.020109543576836587,"w":-0.9442242980003357},"size":2.1676206588745119,"orthographic":true}