{"cameraMode":{"drawMode":0,"name":"Shaded","section":"Shading Mode"},"sceneLighting":true,"audioPlay":false,"sceneViewState":{"showFog":true,"showMaterialUpdate":false,"showSkybox":true,"showFlares":true,"showImageEffects":true,"showParticleSystems":true},"in2DMode":false,"pivot":{"x":-0.6101953983306885,"y":3.210822105407715,"z":0.41826462745666506},"rotation":{"x":0.0680195614695549,"y":0.2076513171195984,"z":-0.014495717361569405,"w":0.9757596254348755},"size":1.8152745962142945,"orthographic":false}