{"cameraMode":{"drawMode":0,"name":"Shaded","section":"Shading Mode"},"sceneLighting":true,"audioPlay":false,"sceneViewState":{"showFog":true,"showMaterialUpdate":false,"showSkybox":true,"showFlares":true,"showImageEffects":true,"showParticleSystems":true},"in2DMode":false,"pivot":{"x":0.5309801697731018,"y":-0.2285035401582718,"z":1.8350188732147217},"rotation":{"x":0.1885344386100769,"y":0.16961674392223359,"z":-0.033101603388786319,"w":0.9667736887931824},"size":1.8152745962142945,"orthographic":false}