{"cameraMode":{"drawMode":0,"name":"Shaded","section":"Shading Mode"},"sceneLighting":true,"audioPlay":false,"sceneViewState":{"showFog":true,"showMaterialUpdate":false,"showSkybox":true,"showFlares":true,"showImageEffects":true,"showParticleSystems":true},"in2DMode":false,"pivot":{"x":0.02589583396911621,"y":2.002828598022461,"z":-1.41939115524292},"rotation":{"x":-0.052118390798568729,"y":0.9459371566772461,"z":-0.19304101169109345,"w":-0.2553899884223938},"size":4.6617231369018559,"orthographic":false}