{"cameraMode":{"drawMode":0,"name":"Shaded","section":"Shading Mode"},"sceneLighting":true,"audioPlay":false,"sceneViewState":{"showFog":true,"showMaterialUpdate":false,"showSkybox":true,"showFlares":true,"showImageEffects":true,"showParticleSystems":true},"in2DMode":false,"pivot":{"x":-1.2427942752838135,"y":2.5286898612976076,"z":-1.4264401197433472},"rotation":{"x":0.2414785474538803,"y":-0.386467307806015,"z":0.10558240860700607,"w":0.8838558793067932},"size":0.18221724033355714,"orthographic":false}