{"cameraMode":{"drawMode":0,"name":"Shaded","section":"Shading Mode"},"sceneLighting":true,"audioPlay":false,"sceneViewState":{"showFog":true,"showMaterialUpdate":false,"showSkybox":true,"showFlares":true,"showImageEffects":true,"showParticleSystems":true},"in2DMode":false,"pivot":{"x":-0.04716992378234863,"y":0.10682976245880127,"z":-0.4423651695251465},"rotation":{"x":-0.052118390798568729,"y":0.9459371566772461,"z":-0.19304101169109345,"w":-0.2553899884223938},"size":1.6167144775390626,"orthographic":false}