{"cameraMode":{"drawMode":0,"name":"Shaded","section":"Shading Mode"},"sceneLighting":true,"audioPlay":false,"sceneViewState":{"showFog":true,"showMaterialUpdate":false,"showSkybox":true,"showFlares":true,"showImageEffects":true,"showParticleSystems":true},"in2DMode":false,"pivot":{"x":-3.792813301086426,"y":-0.2950623333454132,"z":-11.239827156066895},"rotation":{"x":0.07148534804582596,"y":-0.29897597432136538,"z":0.02245873212814331,"w":0.951322078704834},"size":0.2836073637008667,"orthographic":true}