{"cameraMode":{"drawMode":0,"name":"Shaded","section":"Shading Mode"},"sceneLighting":true,"audioPlay":false,"sceneViewState":{"showFog":true,"showMaterialUpdate":false,"showSkybox":true,"showFlares":true,"showImageEffects":true,"showParticleSystems":true},"in2DMode":false,"pivot":{"x":-3.772519111633301,"y":-1.06884765625,"z":-11.295478820800782},"rotation":{"x":0.3656661808490753,"y":-0.5937432646751404,"z":0.345812052488327,"w":0.6278313398361206},"size":1.8466535806655884,"orthographic":true}